Natural Science,CHEM-1036
Natural Science,CHEM-1046
Natural Science,PHYS-2306
Natural Science,BIOL-1105
Natural Science,BIOL-1106
Natural Science,BIOL-1115
Natural Science,BIOL-1116
Communications,COMM-2004
Communications,COMM-2104
Professional Writing,ENGL-3764
Professional Writing,ENGL-3804
Professional Writing,ENGL-3814
Professional Writing,ENGL-3824
Professional Writing,ENGL-3834
Professional Writing,ENGL-3844
Professional Writing,ENGL-4824
Statistics,STAT-4704
Statistics,STAT-4714
Statistics,CMDA-2006
CS Theory,CS-4104
CS Theory,CS-4114
CS Theory,CS-4124
Capstone,CS-4284
Capstone,CS-4624
Capstone,CS-4634
Capstone,CS-4644
Capstone,CS-4704
Capstone,CS-4784
Capstone,CS-4884